mean_fit_time,std_fit_time,mean_score_time,std_score_time,param_subsample,param_num_leaves,param_n_estimators,param_max_depth,param_learning_rate,param_colsample_bytree,param_class_weight,params,split0_test_score,split1_test_score,split2_test_score,mean_test_score,std_test_score,rank_test_score
8.332789738972982,1.0604761492489243,0.036426146825154625,0.0019117007307149396,0.7,31,200,8,0.1,0.8,balanced,"{'subsample': 0.7, 'num_leaves': 31, 'n_estimators': 200, 'max_depth': 8, 'learning_rate': 0.1, 'colsample_bytree': 0.8, 'class_weight': 'balanced'}",,,,,,1
11.63146980603536,0.5231906519379538,0.048606316248575844,0.00213152482409609,0.8,50,200,8,0.05,0.7,balanced,"{'subsample': 0.8, 'num_leaves': 50, 'n_estimators': 200, 'max_depth': 8, 'learning_rate': 0.05, 'colsample_bytree': 0.7, 'class_weight': 'balanced'}",,,,,,1
8.612097024917603,0.30261525411449114,0.028635581334431965,0.0009438183501167707,0.9,50,100,8,0.01,0.8,balanced,"{'subsample': 0.9, 'num_leaves': 50, 'n_estimators': 100, 'max_depth': 8, 'learning_rate': 0.01, 'colsample_bytree': 0.8, 'class_weight': 'balanced'}",,,,,,1
7.1585917472839355,0.24967474474966617,0.029303312301635742,0.004082181216648925,0.8,50,100,6,0.05,0.8,balanced,"{'subsample': 0.8, 'num_leaves': 50, 'n_estimators': 100, 'max_depth': 6, 'learning_rate': 0.05, 'colsample_bytree': 0.8, 'class_weight': 'balanced'}",,,,,,1
6.445670127868652,1.0786644403790204,0.028197050094604492,0.004531853515586931,0.9,31,100,6,0.01,0.9,balanced,"{'subsample': 0.9, 'num_leaves': 31, 'n_estimators': 100, 'max_depth': 6, 'learning_rate': 0.01, 'colsample_bytree': 0.9, 'class_weight': 'balanced'}",,,,,,1
4.587351083755493,2.1675534754783174,0.03952566782633463,0.002384594733876458,0.9,50,300,4,0.01,0.8,balanced,"{'subsample': 0.9, 'num_leaves': 50, 'n_estimators': 300, 'max_depth': 4, 'learning_rate': 0.01, 'colsample_bytree': 0.8, 'class_weight': 'balanced'}",,,,,,1
7.241807063420613,0.6405824176284731,0.05086080233256022,0.0038560525945324103,0.7,31,300,8,0.01,0.7,balanced,"{'subsample': 0.7, 'num_leaves': 31, 'n_estimators': 300, 'max_depth': 8, 'learning_rate': 0.01, 'colsample_bytree': 0.7, 'class_weight': 'balanced'}",,,,,,1
1.1868518193562825,0.08937971679493743,0.02309552828470866,0.001520187190029959,0.7,31,100,4,0.05,0.7,balanced,"{'subsample': 0.7, 'num_leaves': 31, 'n_estimators': 100, 'max_depth': 4, 'learning_rate': 0.05, 'colsample_bytree': 0.7, 'class_weight': 'balanced'}",,,,,,1
7.246539990107219,0.988133576235794,0.0578455924987793,0.0072143084035561945,0.8,70,300,6,0.05,0.7,balanced,"{'subsample': 0.8, 'num_leaves': 70, 'n_estimators': 300, 'max_depth': 6, 'learning_rate': 0.05, 'colsample_bytree': 0.7, 'class_weight': 'balanced'}",,,,,,1
2.640451431274414,0.040051786276282426,0.04665358861287435,0.002175646809580176,0.7,31,300,4,0.05,0.8,balanced,"{'subsample': 0.7, 'num_leaves': 31, 'n_estimators': 300, 'max_depth': 4, 'learning_rate': 0.05, 'colsample_bytree': 0.8, 'class_weight': 'balanced'}",,,,,,1
2.8191351095835366,0.11366255709283327,0.04960894584655762,0.006524332936517939,0.9,31,300,4,0.05,0.8,balanced,"{'subsample': 0.9, 'num_leaves': 31, 'n_estimators': 300, 'max_depth': 4, 'learning_rate': 0.05, 'colsample_bytree': 0.8, 'class_weight': 'balanced'}",,,,,,1
4.022581895192464,0.26268207408656,0.03281299273173014,0.0025193434853924357,0.8,70,100,8,0.1,0.9,balanced,"{'subsample': 0.8, 'num_leaves': 70, 'n_estimators': 100, 'max_depth': 8, 'learning_rate': 0.1, 'colsample_bytree': 0.9, 'class_weight': 'balanced'}",,,,,,1
14.998597780863443,1.6143084466645474,0.09026646614074707,0.023559302642598343,0.7,70,300,8,0.01,0.7,balanced,"{'subsample': 0.7, 'num_leaves': 70, 'n_estimators': 300, 'max_depth': 8, 'learning_rate': 0.01, 'colsample_bytree': 0.7, 'class_weight': 'balanced'}",,,,,,1
1.7088244756062825,0.182680540067656,0.02547939618428548,0.0006384644284667117,0.8,31,100,6,0.1,0.8,balanced,"{'subsample': 0.8, 'num_leaves': 31, 'n_estimators': 100, 'max_depth': 6, 'learning_rate': 0.1, 'colsample_bytree': 0.8, 'class_weight': 'balanced'}",,,,,,1
4.7889072100321455,0.475671774147345,0.04783002535502116,0.003682140618034699,0.7,70,200,6,0.1,0.7,balanced,"{'subsample': 0.7, 'num_leaves': 70, 'n_estimators': 200, 'max_depth': 6, 'learning_rate': 0.1, 'colsample_bytree': 0.7, 'class_weight': 'balanced'}",,,,,,1
1.095334768295288,0.1339350821803548,0.022818247477213543,0.0015764153315178822,0.9,50,100,4,0.05,0.7,balanced,"{'subsample': 0.9, 'num_leaves': 50, 'n_estimators': 100, 'max_depth': 4, 'learning_rate': 0.05, 'colsample_bytree': 0.7, 'class_weight': 'balanced'}",,,,,,1
3.15755287806193,0.5076891207176566,0.026458581288655598,0.00213406431456423,0.9,50,100,8,0.1,0.8,balanced,"{'subsample': 0.9, 'num_leaves': 50, 'n_estimators': 100, 'max_depth': 8, 'learning_rate': 0.1, 'colsample_bytree': 0.8, 'class_weight': 'balanced'}",,,,,,1
3.1743483543395996,0.46374329564938815,0.027362902959187824,0.002317236851298541,0.7,70,100,6,0.01,0.7,balanced,"{'subsample': 0.7, 'num_leaves': 70, 'n_estimators': 100, 'max_depth': 6, 'learning_rate': 0.01, 'colsample_bytree': 0.7, 'class_weight': 'balanced'}",,,,,,1
2.4963072141011557,0.023024438922070633,0.04745356241861979,0.0028787290352132937,0.9,31,300,4,0.05,0.9,balanced,"{'subsample': 0.9, 'num_leaves': 31, 'n_estimators': 300, 'max_depth': 4, 'learning_rate': 0.05, 'colsample_bytree': 0.9, 'class_weight': 'balanced'}",,,,,,1
4.3166267077128095,0.8589520888641309,0.041359901428222656,0.00082560042835027,0.8,31,200,6,0.05,0.7,balanced,"{'subsample': 0.8, 'num_leaves': 31, 'n_estimators': 200, 'max_depth': 6, 'learning_rate': 0.05, 'colsample_bytree': 0.7, 'class_weight': 'balanced'}",,,,,,1
3.614188035329183,0.7578387794344371,0.03588287035624186,0.007869380116551071,0.8,50,100,8,0.05,0.8,balanced,"{'subsample': 0.8, 'num_leaves': 50, 'n_estimators': 100, 'max_depth': 8, 'learning_rate': 0.05, 'colsample_bytree': 0.8, 'class_weight': 'balanced'}",,,,,,1
3.693993012110392,0.24654150648425283,0.04778846104939779,0.0031646057027818666,0.8,70,300,4,0.1,0.8,balanced,"{'subsample': 0.8, 'num_leaves': 70, 'n_estimators': 300, 'max_depth': 4, 'learning_rate': 0.1, 'colsample_bytree': 0.8, 'class_weight': 'balanced'}",,,,,,1
2.3205525875091553,0.02514151501809475,0.03342787424723307,0.002728802133661957,0.9,31,200,4,0.01,0.8,balanced,"{'subsample': 0.9, 'num_leaves': 31, 'n_estimators': 200, 'max_depth': 4, 'learning_rate': 0.01, 'colsample_bytree': 0.8, 'class_weight': 'balanced'}",,,,,,1
12.674817085266113,3.308993460690866,0.07395013173421223,0.011537758910036333,0.7,70,300,8,0.1,0.8,balanced,"{'subsample': 0.7, 'num_leaves': 70, 'n_estimators': 300, 'max_depth': 8, 'learning_rate': 0.1, 'colsample_bytree': 0.8, 'class_weight': 'balanced'}",,,,,,1
3.9605350494384766,0.43558793588916145,0.07697439193725586,0.052493322832442575,0.8,31,200,6,0.1,0.7,balanced,"{'subsample': 0.8, 'num_leaves': 31, 'n_estimators': 200, 'max_depth': 6, 'learning_rate': 0.1, 'colsample_bytree': 0.7, 'class_weight': 'balanced'}",,,,,,1
4.00296966234843,0.2799717490577489,0.028236230214436848,0.000280726400056633,0.8,50,100,8,0.1,0.7,balanced,"{'subsample': 0.8, 'num_leaves': 50, 'n_estimators': 100, 'max_depth': 8, 'learning_rate': 0.1, 'colsample_bytree': 0.7, 'class_weight': 'balanced'}",,,,,,1
2.772646109263102,0.4742368074069291,0.029802958170572918,0.007043464724189063,0.9,31,100,8,0.01,0.8,balanced,"{'subsample': 0.9, 'num_leaves': 31, 'n_estimators': 100, 'max_depth': 8, 'learning_rate': 0.01, 'colsample_bytree': 0.8, 'class_weight': 'balanced'}",,,,,,1
6.706467072168986,2.0831069483085316,0.04101061820983887,0.003474742150845459,0.7,50,200,6,0.01,0.7,balanced,"{'subsample': 0.7, 'num_leaves': 50, 'n_estimators': 200, 'max_depth': 6, 'learning_rate': 0.01, 'colsample_bytree': 0.7, 'class_weight': 'balanced'}",,,,,,1
11.283641576766968,1.0345904191681548,0.05266308784484863,0.0007491918581503009,0.7,70,200,8,0.1,0.7,balanced,"{'subsample': 0.7, 'num_leaves': 70, 'n_estimators': 200, 'max_depth': 8, 'learning_rate': 0.1, 'colsample_bytree': 0.7, 'class_weight': 'balanced'}",,,,,,1
6.127933979034424,0.5269884764766404,0.047702948252360024,0.0030478274927951935,0.7,50,200,6,0.05,0.8,balanced,"{'subsample': 0.7, 'num_leaves': 50, 'n_estimators': 200, 'max_depth': 6, 'learning_rate': 0.05, 'colsample_bytree': 0.8, 'class_weight': 'balanced'}",,,,,,1
3.381781737009684,0.14543869053365127,0.04987359046936035,0.004737804601060322,0.8,50,300,4,0.05,0.8,balanced,"{'subsample': 0.8, 'num_leaves': 50, 'n_estimators': 300, 'max_depth': 4, 'learning_rate': 0.05, 'colsample_bytree': 0.8, 'class_weight': 'balanced'}",,,,,,1
1.8839783668518066,0.5168314488463857,0.030286073684692383,0.005447836099546263,0.8,70,200,4,0.01,0.8,balanced,"{'subsample': 0.8, 'num_leaves': 70, 'n_estimators': 200, 'max_depth': 4, 'learning_rate': 0.01, 'colsample_bytree': 0.8, 'class_weight': 'balanced'}",,,,,,1
2.9694737593332925,0.7364137238907982,0.027336994806925457,0.0011488421389442304,0.7,31,100,8,0.01,0.7,balanced,"{'subsample': 0.7, 'num_leaves': 31, 'n_estimators': 100, 'max_depth': 8, 'learning_rate': 0.01, 'colsample_bytree': 0.7, 'class_weight': 'balanced'}",,,,,,1
5.9346098105112715,2.2207813322645027,0.04323824246724447,0.00862071748367999,0.9,31,200,8,0.01,0.7,balanced,"{'subsample': 0.9, 'num_leaves': 31, 'n_estimators': 200, 'max_depth': 8, 'learning_rate': 0.01, 'colsample_bytree': 0.7, 'class_weight': 'balanced'}",,,,,,1
5.687338511149089,2.111729869826741,0.04753716786702474,0.010562622018230945,0.7,70,200,6,0.1,0.8,balanced,"{'subsample': 0.7, 'num_leaves': 70, 'n_estimators': 200, 'max_depth': 6, 'learning_rate': 0.1, 'colsample_bytree': 0.8, 'class_weight': 'balanced'}",,,,,,1
2.9561182657877603,0.15965740159366257,0.03150463104248047,0.0032014247080257895,0.7,50,100,6,0.1,0.7,balanced,"{'subsample': 0.7, 'num_leaves': 50, 'n_estimators': 100, 'max_depth': 6, 'learning_rate': 0.1, 'colsample_bytree': 0.7, 'class_weight': 'balanced'}",,,,,,1
7.965031544367473,2.2875382418808536,0.058138132095336914,0.005423484758106144,0.7,70,300,6,0.05,0.8,balanced,"{'subsample': 0.7, 'num_leaves': 70, 'n_estimators': 300, 'max_depth': 6, 'learning_rate': 0.05, 'colsample_bytree': 0.8, 'class_weight': 'balanced'}",,,,,,1
3.504988352457682,1.118238135894666,0.048479715983072914,0.008105120405835484,0.9,31,300,4,0.05,0.7,balanced,"{'subsample': 0.9, 'num_leaves': 31, 'n_estimators': 300, 'max_depth': 4, 'learning_rate': 0.05, 'colsample_bytree': 0.7, 'class_weight': 'balanced'}",,,,,,1
3.111066977183024,0.4072605039405154,0.035701354344685875,0.0030704143917754767,0.8,31,200,4,0.01,0.7,balanced,"{'subsample': 0.8, 'num_leaves': 31, 'n_estimators': 200, 'max_depth': 4, 'learning_rate': 0.01, 'colsample_bytree': 0.7, 'class_weight': 'balanced'}",,,,,,1
7.8502020835876465,1.7574647472285723,0.04831965764363607,0.008609744189236,0.9,50,200,8,0.05,0.9,balanced,"{'subsample': 0.9, 'num_leaves': 50, 'n_estimators': 200, 'max_depth': 8, 'learning_rate': 0.05, 'colsample_bytree': 0.9, 'class_weight': 'balanced'}",,,,,,1
3.2495412031809487,0.7216389422777002,0.03222330411275228,0.007573607994556023,0.9,50,100,6,0.05,0.8,balanced,"{'subsample': 0.9, 'num_leaves': 50, 'n_estimators': 100, 'max_depth': 6, 'learning_rate': 0.05, 'colsample_bytree': 0.8, 'class_weight': 'balanced'}",,,,,,1
8.235877752304077,0.1860046653191588,0.06849201520284016,0.02835721918433272,0.8,50,200,8,0.1,0.9,balanced,"{'subsample': 0.8, 'num_leaves': 50, 'n_estimators': 200, 'max_depth': 8, 'learning_rate': 0.1, 'colsample_bytree': 0.9, 'class_weight': 'balanced'}",,,,,,1
2.674164056777954,0.3875022355466983,0.03505476315816244,0.003332496149702576,0.7,50,200,4,0.1,0.7,balanced,"{'subsample': 0.7, 'num_leaves': 50, 'n_estimators': 200, 'max_depth': 4, 'learning_rate': 0.1, 'colsample_bytree': 0.7, 'class_weight': 'balanced'}",,,,,,1
1.0561985969543457,0.16509309722130297,0.02300874392191569,0.0016119920199733058,0.7,31,100,4,0.1,0.9,balanced,"{'subsample': 0.7, 'num_leaves': 31, 'n_estimators': 100, 'max_depth': 4, 'learning_rate': 0.1, 'colsample_bytree': 0.9, 'class_weight': 'balanced'}",,,,,,1
3.2856906255086265,0.811910264479522,0.03110480308532715,0.0012679837956067657,0.8,70,100,6,0.1,0.7,balanced,"{'subsample': 0.8, 'num_leaves': 70, 'n_estimators': 100, 'max_depth': 6, 'learning_rate': 0.1, 'colsample_bytree': 0.7, 'class_weight': 'balanced'}",,,,,,1
4.160647789637248,0.35842977270690624,0.030229647954305012,0.004253518037390372,0.9,50,100,6,0.01,0.8,balanced,"{'subsample': 0.9, 'num_leaves': 50, 'n_estimators': 100, 'max_depth': 6, 'learning_rate': 0.01, 'colsample_bytree': 0.8, 'class_weight': 'balanced'}",,,,,,1
3.2442545096079507,0.8255994878708618,0.044594128926595054,0.0059607624816572944,0.9,70,300,4,0.01,0.9,balanced,"{'subsample': 0.9, 'num_leaves': 70, 'n_estimators': 300, 'max_depth': 4, 'learning_rate': 0.01, 'colsample_bytree': 0.9, 'class_weight': 'balanced'}",,,,,,1
2.6170178254445395,0.46817325261427634,0.026285330454508465,0.0026071115437146047,0.8,50,100,6,0.1,0.8,balanced,"{'subsample': 0.8, 'num_leaves': 50, 'n_estimators': 100, 'max_depth': 6, 'learning_rate': 0.1, 'colsample_bytree': 0.8, 'class_weight': 'balanced'}",,,,,,1
3.4027119477589927,0.22047414658901074,0.05315589904785156,0.014063078318084407,0.8,31,300,8,0.1,0.7,balanced,"{'subsample': 0.8, 'num_leaves': 31, 'n_estimators': 300, 'max_depth': 8, 'learning_rate': 0.1, 'colsample_bytree': 0.7, 'class_weight': 'balanced'}",,,,,,1
2.7822585900624595,0.641465741463644,0.037075042724609375,0.00614006419230135,0.7,31,200,6,0.01,0.9,balanced,"{'subsample': 0.7, 'num_leaves': 31, 'n_estimators': 200, 'max_depth': 6, 'learning_rate': 0.01, 'colsample_bytree': 0.9, 'class_weight': 'balanced'}",,,,,,1
