mean_fit_time,std_fit_time,mean_score_time,std_score_time,param_class_weight,param_max_depth,param_max_features,param_min_samples_leaf,param_min_samples_split,param_n_estimators,params,split0_test_score,split1_test_score,split2_test_score,mean_test_score,std_test_score,rank_test_score
1.0964926878611247,0.28299877683675173,3.658639748891195,0.8232817791811997,balanced,10,sqrt,2,5,100,"{'class_weight': 'balanced', 'max_depth': 10, 'max_features': 'sqrt', 'min_samples_leaf': 2, 'min_samples_split': 5, 'n_estimators': 100}",,,,,,1
5.7972549597422285,0.10236660797215952,0.87370498975118,0.10830169296321651,balanced,10,sqrt,2,5,200,"{'class_weight': 'balanced', 'max_depth': 10, 'max_features': 'sqrt', 'min_samples_leaf': 2, 'min_samples_split': 5, 'n_estimators': 200}",,,,,,1
4.245131413141887,1.7475315143408747,2.3912617365519204,1.622947529118216,balanced,10,sqrt,2,5,300,"{'class_weight': 'balanced', 'max_depth': 10, 'max_features': 'sqrt', 'min_samples_leaf': 2, 'min_samples_split': 5, 'n_estimators': 300}",,,,,,1
4.192598183949788,0.1454818998543565,2.0821847120920816,0.1596414330806142,balanced,10,sqrt,2,10,100,"{'class_weight': 'balanced', 'max_depth': 10, 'max_features': 'sqrt', 'min_samples_leaf': 2, 'min_samples_split': 10, 'n_estimators': 100}",,,,,,1
5.730271975199382,0.221241239573687,0.7507965564727783,0.08370342173788044,balanced,10,sqrt,2,10,200,"{'class_weight': 'balanced', 'max_depth': 10, 'max_features': 'sqrt', 'min_samples_leaf': 2, 'min_samples_split': 10, 'n_estimators': 200}",,,,,,1
4.3045070966084795,1.4294636161096588,3.4606730143229165,1.6139442017677579,balanced,10,sqrt,2,10,300,"{'class_weight': 'balanced', 'max_depth': 10, 'max_features': 'sqrt', 'min_samples_leaf': 2, 'min_samples_split': 10, 'n_estimators': 300}",,,,,,1
3.2531002362569175,0.9204521037411065,3.320979277292887,0.7823488123849893,balanced,10,sqrt,2,20,100,"{'class_weight': 'balanced', 'max_depth': 10, 'max_features': 'sqrt', 'min_samples_leaf': 2, 'min_samples_split': 20, 'n_estimators': 100}",,,,,,1
5.500344276428223,0.14934980244764903,1.7054519653320312,0.07484774532998238,balanced,10,sqrt,2,20,200,"{'class_weight': 'balanced', 'max_depth': 10, 'max_features': 'sqrt', 'min_samples_leaf': 2, 'min_samples_split': 20, 'n_estimators': 200}",,,,,,1
6.57726526260376,0.07242167867566092,0.7684477965037028,0.10462942243708569,balanced,10,sqrt,2,20,300,"{'class_weight': 'balanced', 'max_depth': 10, 'max_features': 'sqrt', 'min_samples_leaf': 2, 'min_samples_split': 20, 'n_estimators': 300}",,,,,,1
4.0521946748097735,0.3249742530696696,2.528425137201945,0.3225448487285731,balanced,10,sqrt,5,5,100,"{'class_weight': 'balanced', 'max_depth': 10, 'max_features': 'sqrt', 'min_samples_leaf': 5, 'min_samples_split': 5, 'n_estimators': 100}",,,,,,1
4.9739894072214765,1.065768323558126,1.9162919521331787,1.1160975341033716,balanced,10,sqrt,5,5,200,"{'class_weight': 'balanced', 'max_depth': 10, 'max_features': 'sqrt', 'min_samples_leaf': 5, 'min_samples_split': 5, 'n_estimators': 200}",,,,,,1
4.078238566716512,0.30305212155604366,3.8583715756734214,0.5132200579973089,balanced,10,sqrt,5,5,300,"{'class_weight': 'balanced', 'max_depth': 10, 'max_features': 'sqrt', 'min_samples_leaf': 5, 'min_samples_split': 5, 'n_estimators': 300}",,,,,,1
2.731910149256388,0.5326901660320761,3.3862030506134033,0.1335897871923544,balanced,10,sqrt,5,10,100,"{'class_weight': 'balanced', 'max_depth': 10, 'max_features': 'sqrt', 'min_samples_leaf': 5, 'min_samples_split': 10, 'n_estimators': 100}",,,,,,1
6.353928724924724,0.0629183347831671,1.5914638042449951,0.20730256385340573,balanced,10,sqrt,5,10,200,"{'class_weight': 'balanced', 'max_depth': 10, 'max_features': 'sqrt', 'min_samples_leaf': 5, 'min_samples_split': 10, 'n_estimators': 200}",,,,,,1
7.381611188252767,0.18391837523496377,2.6497603257497153,0.4635564185743059,balanced,10,sqrt,5,10,300,"{'class_weight': 'balanced', 'max_depth': 10, 'max_features': 'sqrt', 'min_samples_leaf': 5, 'min_samples_split': 10, 'n_estimators': 300}",,,,,,1
5.406216859817505,0.20190020289749136,1.7065722942352295,0.15060534214606733,balanced,10,sqrt,5,20,100,"{'class_weight': 'balanced', 'max_depth': 10, 'max_features': 'sqrt', 'min_samples_leaf': 5, 'min_samples_split': 20, 'n_estimators': 100}",,,,,,1
4.3168214956919355,0.18478337476282083,2.491570075352987,0.08194494117957636,balanced,10,sqrt,5,20,200,"{'class_weight': 'balanced', 'max_depth': 10, 'max_features': 'sqrt', 'min_samples_leaf': 5, 'min_samples_split': 20, 'n_estimators': 200}",,,,,,1
4.999513149261475,1.503561982467831,3.4388372898101807,1.0249470103224312,balanced,10,sqrt,5,20,300,"{'class_weight': 'balanced', 'max_depth': 10, 'max_features': 'sqrt', 'min_samples_leaf': 5, 'min_samples_split': 20, 'n_estimators': 300}",,,,,,1
3.8270983695983887,0.19875127342857946,3.653120676676432,0.15801607083107652,balanced,10,sqrt,10,5,100,"{'class_weight': 'balanced', 'max_depth': 10, 'max_features': 'sqrt', 'min_samples_leaf': 10, 'min_samples_split': 5, 'n_estimators': 100}",,,,,,1
5.876479387283325,0.07224898655033657,1.9283080101013184,0.10485789225342398,balanced,10,sqrt,10,5,200,"{'class_weight': 'balanced', 'max_depth': 10, 'max_features': 'sqrt', 'min_samples_leaf': 10, 'min_samples_split': 5, 'n_estimators': 200}",,,,,,1
6.70084810256958,0.6201743343347325,2.4535752137502036,0.8164314998704373,balanced,10,sqrt,10,5,300,"{'class_weight': 'balanced', 'max_depth': 10, 'max_features': 'sqrt', 'min_samples_leaf': 10, 'min_samples_split': 5, 'n_estimators': 300}",,,,,,1
4.2302037080128985,0.38904878665799825,2.9273324012756348,0.3497406878629872,balanced,10,sqrt,10,10,100,"{'class_weight': 'balanced', 'max_depth': 10, 'max_features': 'sqrt', 'min_samples_leaf': 10, 'min_samples_split': 10, 'n_estimators': 100}",,,,,,1
3.994024674097697,0.6973747921158454,3.0363314946492515,0.3309066151119347,balanced,10,sqrt,10,10,200,"{'class_weight': 'balanced', 'max_depth': 10, 'max_features': 'sqrt', 'min_samples_leaf': 10, 'min_samples_split': 10, 'n_estimators': 200}",,,,,,1
5.687276601791382,0.06224961248385734,2.5061280727386475,0.18043852332679142,balanced,10,sqrt,10,10,300,"{'class_weight': 'balanced', 'max_depth': 10, 'max_features': 'sqrt', 'min_samples_leaf': 10, 'min_samples_split': 10, 'n_estimators': 300}",,,,,,1
4.3329644203186035,0.050402950374730006,2.768824895222982,0.024282381460313595,balanced,10,sqrt,10,20,100,"{'class_weight': 'balanced', 'max_depth': 10, 'max_features': 'sqrt', 'min_samples_leaf': 10, 'min_samples_split': 20, 'n_estimators': 100}",,,,,,1
6.0074888865153,0.3026254640863021,3.0502398014068604,0.3649137668242643,balanced,10,sqrt,10,20,200,"{'class_weight': 'balanced', 'max_depth': 10, 'max_features': 'sqrt', 'min_samples_leaf': 10, 'min_samples_split': 20, 'n_estimators': 200}",,,,,,1
6.88239860534668,0.07820273305302448,3.0060593287150064,0.32967505867355273,balanced,10,sqrt,10,20,300,"{'class_weight': 'balanced', 'max_depth': 10, 'max_features': 'sqrt', 'min_samples_leaf': 10, 'min_samples_split': 20, 'n_estimators': 300}",,,,,,1
3.6969312826792398,0.6176097239028739,2.0520401000976562,0.2221398102651516,balanced,10,log2,2,5,100,"{'class_weight': 'balanced', 'max_depth': 10, 'max_features': 'log2', 'min_samples_leaf': 2, 'min_samples_split': 5, 'n_estimators': 100}",,,,,,1
5.259397427241008,0.5753431957721732,3.105770746866862,0.06098105572392302,balanced,10,log2,2,5,200,"{'class_weight': 'balanced', 'max_depth': 10, 'max_features': 'log2', 'min_samples_leaf': 2, 'min_samples_split': 5, 'n_estimators': 200}",,,,,,1
5.966678460439046,0.4052999356458969,2.949141025543213,0.09689255844851988,balanced,10,log2,2,5,300,"{'class_weight': 'balanced', 'max_depth': 10, 'max_features': 'log2', 'min_samples_leaf': 2, 'min_samples_split': 5, 'n_estimators': 300}",,,,,,1
3.9333530267079673,0.3694334212931582,2.4827820460001626,0.27560260027847805,balanced,10,log2,2,10,100,"{'class_weight': 'balanced', 'max_depth': 10, 'max_features': 'log2', 'min_samples_leaf': 2, 'min_samples_split': 10, 'n_estimators': 100}",,,,,,1
4.832502206166585,0.17871394214850791,2.242207924524943,0.07616465620882987,balanced,10,log2,2,10,200,"{'class_weight': 'balanced', 'max_depth': 10, 'max_features': 'log2', 'min_samples_leaf': 2, 'min_samples_split': 10, 'n_estimators': 200}",,,,,,1
5.537316958109538,0.30560138649580837,2.4912984371185303,0.4566132869619662,balanced,10,log2,2,10,300,"{'class_weight': 'balanced', 'max_depth': 10, 'max_features': 'log2', 'min_samples_leaf': 2, 'min_samples_split': 10, 'n_estimators': 300}",,,,,,1
3.54109787940979,0.11013944874395878,1.3591389656066895,0.28035970800093907,balanced,10,log2,2,20,100,"{'class_weight': 'balanced', 'max_depth': 10, 'max_features': 'log2', 'min_samples_leaf': 2, 'min_samples_split': 20, 'n_estimators': 100}",,,,,,1
3.993051211039225,0.20027037264971162,2.963833491007487,0.007651705465798137,balanced,10,log2,2,20,200,"{'class_weight': 'balanced', 'max_depth': 10, 'max_features': 'log2', 'min_samples_leaf': 2, 'min_samples_split': 20, 'n_estimators': 200}",,,,,,1
5.2433187166849775,0.3498051401548145,2.810793956120809,0.2736982465818288,balanced,10,log2,2,20,300,"{'class_weight': 'balanced', 'max_depth': 10, 'max_features': 'log2', 'min_samples_leaf': 2, 'min_samples_split': 20, 'n_estimators': 300}",,,,,,1
3.844334363937378,0.29047840898604343,2.8946801821390786,0.1883964439015231,balanced,10,log2,5,5,100,"{'class_weight': 'balanced', 'max_depth': 10, 'max_features': 'log2', 'min_samples_leaf': 5, 'min_samples_split': 5, 'n_estimators': 100}",,,,,,1
5.384848594665527,0.3805793475736093,2.0491360823313394,0.16592940207743276,balanced,10,log2,5,5,200,"{'class_weight': 'balanced', 'max_depth': 10, 'max_features': 'log2', 'min_samples_leaf': 5, 'min_samples_split': 5, 'n_estimators': 200}",,,,,,1
6.210918029149373,0.10546417137409853,2.380772034327189,0.1835348561117212,balanced,10,log2,5,5,300,"{'class_weight': 'balanced', 'max_depth': 10, 'max_features': 'log2', 'min_samples_leaf': 5, 'min_samples_split': 5, 'n_estimators': 300}",,,,,,1
3.5430936018625894,0.2801788693191195,2.83958633740743,0.4096503869806164,balanced,10,log2,5,10,100,"{'class_weight': 'balanced', 'max_depth': 10, 'max_features': 'log2', 'min_samples_leaf': 5, 'min_samples_split': 10, 'n_estimators': 100}",,,,,,1
3.9283254146575928,0.4020239956052092,3.3022944132486978,0.20442646911327778,balanced,10,log2,5,10,200,"{'class_weight': 'balanced', 'max_depth': 10, 'max_features': 'log2', 'min_samples_leaf': 5, 'min_samples_split': 10, 'n_estimators': 200}",,,,,,1
5.687796036402385,0.24074812851973526,2.0820442835489907,0.9919844416975302,balanced,10,log2,5,10,300,"{'class_weight': 'balanced', 'max_depth': 10, 'max_features': 'log2', 'min_samples_leaf': 5, 'min_samples_split': 10, 'n_estimators': 300}",,,,,,1
3.5353642304738364,0.27215511251696095,1.6906968752543132,0.2894246097729452,balanced,10,log2,5,20,100,"{'class_weight': 'balanced', 'max_depth': 10, 'max_features': 'log2', 'min_samples_leaf': 5, 'min_samples_split': 20, 'n_estimators': 100}",,,,,,1
5.250079234441121,0.3567814970413367,2.5749468008677163,0.7369120133231247,balanced,10,log2,5,20,200,"{'class_weight': 'balanced', 'max_depth': 10, 'max_features': 'log2', 'min_samples_leaf': 5, 'min_samples_split': 20, 'n_estimators': 200}",,,,,,1
4.820735136667888,0.5559743638698605,2.8004023234049478,0.21316181646034563,balanced,10,log2,5,20,300,"{'class_weight': 'balanced', 'max_depth': 10, 'max_features': 'log2', 'min_samples_leaf': 5, 'min_samples_split': 20, 'n_estimators': 300}",,,,,,1
3.5816006660461426,1.0504431881423197,2.0727383295694985,0.47513512804233,balanced,10,log2,10,5,100,"{'class_weight': 'balanced', 'max_depth': 10, 'max_features': 'log2', 'min_samples_leaf': 10, 'min_samples_split': 5, 'n_estimators': 100}",,,,,,1
5.316052754720052,0.6568989928621368,2.0943876107533774,0.4215005675390571,balanced,10,log2,10,5,200,"{'class_weight': 'balanced', 'max_depth': 10, 'max_features': 'log2', 'min_samples_leaf': 10, 'min_samples_split': 5, 'n_estimators': 200}",,,,,,1
5.788336833318074,0.38552908346970416,2.226104180018107,0.2841838263341466,balanced,10,log2,10,5,300,"{'class_weight': 'balanced', 'max_depth': 10, 'max_features': 'log2', 'min_samples_leaf': 10, 'min_samples_split': 5, 'n_estimators': 300}",,,,,,1
4.757068792978923,0.3298230946492345,1.4311922391255696,0.17769551994090718,balanced,10,log2,10,10,100,"{'class_weight': 'balanced', 'max_depth': 10, 'max_features': 'log2', 'min_samples_leaf': 10, 'min_samples_split': 10, 'n_estimators': 100}",,,,,,1
4.14096204439799,0.452427420554952,2.1824498176574707,0.12117011288919963,balanced,10,log2,10,10,200,"{'class_weight': 'balanced', 'max_depth': 10, 'max_features': 'log2', 'min_samples_leaf': 10, 'min_samples_split': 10, 'n_estimators': 200}",,,,,,1
5.403177817662557,0.11282683656390631,3.6564101378122964,0.2198689429473235,balanced,10,log2,10,10,300,"{'class_weight': 'balanced', 'max_depth': 10, 'max_features': 'log2', 'min_samples_leaf': 10, 'min_samples_split': 10, 'n_estimators': 300}",,,,,,1
3.0673533280690513,0.09422632054747239,2.723167896270752,0.5252550418872498,balanced,10,log2,10,20,100,"{'class_weight': 'balanced', 'max_depth': 10, 'max_features': 'log2', 'min_samples_leaf': 10, 'min_samples_split': 20, 'n_estimators': 100}",,,,,,1
5.400563796361287,0.5117096336512347,2.7563161055246987,0.27595274356888655,balanced,10,log2,10,20,200,"{'class_weight': 'balanced', 'max_depth': 10, 'max_features': 'log2', 'min_samples_leaf': 10, 'min_samples_split': 20, 'n_estimators': 200}",,,,,,1
6.59313686688741,0.3579694169814718,2.4023727575937905,0.17177469809535081,balanced,10,log2,10,20,300,"{'class_weight': 'balanced', 'max_depth': 10, 'max_features': 'log2', 'min_samples_leaf': 10, 'min_samples_split': 20, 'n_estimators': 300}",,,,,,1
5.208779573440552,0.08909866185931464,2.2408551375071206,0.1616848106521883,balanced,15,sqrt,2,5,100,"{'class_weight': 'balanced', 'max_depth': 15, 'max_features': 'sqrt', 'min_samples_leaf': 2, 'min_samples_split': 5, 'n_estimators': 100}",,,,,,1
5.4511120319366455,0.6960347897136461,3.854529539744059,0.2520134020575065,balanced,15,sqrt,2,5,200,"{'class_weight': 'balanced', 'max_depth': 15, 'max_features': 'sqrt', 'min_samples_leaf': 2, 'min_samples_split': 5, 'n_estimators': 200}",,,,,,1
7.543136755625407,0.059113042054353235,4.285444974899292,0.18734413944724582,balanced,15,sqrt,2,5,300,"{'class_weight': 'balanced', 'max_depth': 15, 'max_features': 'sqrt', 'min_samples_leaf': 2, 'min_samples_split': 5, 'n_estimators': 300}",,,,,,1
4.1836990515391035,0.15975354944139483,4.0457626183827715,0.23919926479949125,balanced,15,sqrt,2,10,100,"{'class_weight': 'balanced', 'max_depth': 15, 'max_features': 'sqrt', 'min_samples_leaf': 2, 'min_samples_split': 10, 'n_estimators': 100}",,,,,,1
6.747765302658081,0.1558669852870574,3.5850789546966553,0.36615046153497105,balanced,15,sqrt,2,10,200,"{'class_weight': 'balanced', 'max_depth': 15, 'max_features': 'sqrt', 'min_samples_leaf': 2, 'min_samples_split': 10, 'n_estimators': 200}",,,,,,1
8.851986726125082,0.045278470669805254,2.9650259812672934,0.30341535525364766,balanced,15,sqrt,2,10,300,"{'class_weight': 'balanced', 'max_depth': 15, 'max_features': 'sqrt', 'min_samples_leaf': 2, 'min_samples_split': 10, 'n_estimators': 300}",,,,,,1
5.730454921722412,0.4149296568699358,2.4361838499704995,0.5786455967207251,balanced,15,sqrt,2,20,100,"{'class_weight': 'balanced', 'max_depth': 15, 'max_features': 'sqrt', 'min_samples_leaf': 2, 'min_samples_split': 20, 'n_estimators': 100}",,,,,,1
5.546737194061279,0.5238845773716394,3.9456538359324136,0.16543140642946355,balanced,15,sqrt,2,20,200,"{'class_weight': 'balanced', 'max_depth': 15, 'max_features': 'sqrt', 'min_samples_leaf': 2, 'min_samples_split': 20, 'n_estimators': 200}",,,,,,1
6.604723532994588,0.06879110273541268,3.118260463078817,0.2113695154645233,balanced,15,sqrt,2,20,300,"{'class_weight': 'balanced', 'max_depth': 15, 'max_features': 'sqrt', 'min_samples_leaf': 2, 'min_samples_split': 20, 'n_estimators': 300}",,,,,,1
5.217785120010376,0.23694594539488986,3.304908116658529,0.1962624835364514,balanced,15,sqrt,5,5,100,"{'class_weight': 'balanced', 'max_depth': 15, 'max_features': 'sqrt', 'min_samples_leaf': 5, 'min_samples_split': 5, 'n_estimators': 100}",,,,,,1
6.25618847211202,0.13824090776008846,3.7645441691080728,0.1989510046762184,balanced,15,sqrt,5,5,200,"{'class_weight': 'balanced', 'max_depth': 15, 'max_features': 'sqrt', 'min_samples_leaf': 5, 'min_samples_split': 5, 'n_estimators': 200}",,,,,,1
7.8651801745096845,0.22470868671127275,2.3242697715759277,0.6289463999440817,balanced,15,sqrt,5,5,300,"{'class_weight': 'balanced', 'max_depth': 15, 'max_features': 'sqrt', 'min_samples_leaf': 5, 'min_samples_split': 5, 'n_estimators': 300}",,,,,,1
5.013884782791138,0.35867875290983126,2.6036272843678794,1.287793062870667,balanced,15,sqrt,5,10,100,"{'class_weight': 'balanced', 'max_depth': 15, 'max_features': 'sqrt', 'min_samples_leaf': 5, 'min_samples_split': 10, 'n_estimators': 100}",,,,,,1
6.745634873708089,0.29686969486836523,3.2812310059865317,0.41137638406497284,balanced,15,sqrt,5,10,200,"{'class_weight': 'balanced', 'max_depth': 15, 'max_features': 'sqrt', 'min_samples_leaf': 5, 'min_samples_split': 10, 'n_estimators': 200}",,,,,,1
7.239005088806152,0.19994150448975587,3.7682627042134604,0.1666882410045811,balanced,15,sqrt,5,10,300,"{'class_weight': 'balanced', 'max_depth': 15, 'max_features': 'sqrt', 'min_samples_leaf': 5, 'min_samples_split': 10, 'n_estimators': 300}",,,,,,1
5.425707260767619,1.0926460326552103,3.0558841228485107,0.5417826931664748,balanced,15,sqrt,5,20,100,"{'class_weight': 'balanced', 'max_depth': 15, 'max_features': 'sqrt', 'min_samples_leaf': 5, 'min_samples_split': 20, 'n_estimators': 100}",,,,,,1
6.86974835395813,0.6438564788599208,3.216912269592285,0.1582659211007313,balanced,15,sqrt,5,20,200,"{'class_weight': 'balanced', 'max_depth': 15, 'max_features': 'sqrt', 'min_samples_leaf': 5, 'min_samples_split': 20, 'n_estimators': 200}",,,,,,1
8.357091347376505,0.4227778785750409,2.8391424814860025,1.15225565945402,balanced,15,sqrt,5,20,300,"{'class_weight': 'balanced', 'max_depth': 15, 'max_features': 'sqrt', 'min_samples_leaf': 5, 'min_samples_split': 20, 'n_estimators': 300}",,,,,,1
5.185705820719401,0.3248906978554453,1.9297435283660889,0.406568826992218,balanced,15,sqrt,10,5,100,"{'class_weight': 'balanced', 'max_depth': 15, 'max_features': 'sqrt', 'min_samples_leaf': 10, 'min_samples_split': 5, 'n_estimators': 100}",,,,,,1
5.703028917312622,0.5249000449909473,3.705004930496216,0.21832274336801066,balanced,15,sqrt,10,5,200,"{'class_weight': 'balanced', 'max_depth': 15, 'max_features': 'sqrt', 'min_samples_leaf': 10, 'min_samples_split': 5, 'n_estimators': 200}",,,,,,1
7.10295295715332,0.3032064932673366,3.430064598719279,0.2410809740657818,balanced,15,sqrt,10,5,300,"{'class_weight': 'balanced', 'max_depth': 15, 'max_features': 'sqrt', 'min_samples_leaf': 10, 'min_samples_split': 5, 'n_estimators': 300}",,,,,,1
5.44580880800883,0.0850258232561393,3.3390345573425293,0.3006338704592063,balanced,15,sqrt,10,10,100,"{'class_weight': 'balanced', 'max_depth': 15, 'max_features': 'sqrt', 'min_samples_leaf': 10, 'min_samples_split': 10, 'n_estimators': 100}",,,,,,1
7.301135619481404,0.49884757467793384,2.5886433919270835,0.21249617851179822,balanced,15,sqrt,10,10,200,"{'class_weight': 'balanced', 'max_depth': 15, 'max_features': 'sqrt', 'min_samples_leaf': 10, 'min_samples_split': 10, 'n_estimators': 200}",,,,,,1
8.13819177945455,0.4196752521278108,3.6858330567677817,1.0614260480197393,balanced,15,sqrt,10,10,300,"{'class_weight': 'balanced', 'max_depth': 15, 'max_features': 'sqrt', 'min_samples_leaf': 10, 'min_samples_split': 10, 'n_estimators': 300}",,,,,,1
4.960482756296794,0.24006281404552712,3.7114596366882324,1.1464052486981806,balanced,15,sqrt,10,20,100,"{'class_weight': 'balanced', 'max_depth': 15, 'max_features': 'sqrt', 'min_samples_leaf': 10, 'min_samples_split': 20, 'n_estimators': 100}",,,,,,1
6.05250867207845,0.16994032627112765,2.956448237101237,0.6389673551044851,balanced,15,sqrt,10,20,200,"{'class_weight': 'balanced', 'max_depth': 15, 'max_features': 'sqrt', 'min_samples_leaf': 10, 'min_samples_split': 20, 'n_estimators': 200}",,,,,,1
7.342872937520345,0.1946332956674302,3.1148600578308105,0.4873556024570601,balanced,15,sqrt,10,20,300,"{'class_weight': 'balanced', 'max_depth': 15, 'max_features': 'sqrt', 'min_samples_leaf': 10, 'min_samples_split': 20, 'n_estimators': 300}",,,,,,1
5.401673634847005,0.5176229334664056,2.422120968500773,0.4374586490696739,balanced,15,log2,2,5,100,"{'class_weight': 'balanced', 'max_depth': 15, 'max_features': 'log2', 'min_samples_leaf': 2, 'min_samples_split': 5, 'n_estimators': 100}",,,,,,1
6.617380460103353,0.28840821649650805,4.375917355219523,0.0651208591892389,balanced,15,log2,2,5,200,"{'class_weight': 'balanced', 'max_depth': 15, 'max_features': 'log2', 'min_samples_leaf': 2, 'min_samples_split': 5, 'n_estimators': 200}",,,,,,1
6.954787651697795,0.5492710439407625,3.7392427921295166,0.12785375533874327,balanced,15,log2,2,5,300,"{'class_weight': 'balanced', 'max_depth': 15, 'max_features': 'log2', 'min_samples_leaf': 2, 'min_samples_split': 5, 'n_estimators': 300}",,,,,,1
4.592256466547648,0.340119547853719,3.777312676111857,0.35264916812270714,balanced,15,log2,2,10,100,"{'class_weight': 'balanced', 'max_depth': 15, 'max_features': 'log2', 'min_samples_leaf': 2, 'min_samples_split': 10, 'n_estimators': 100}",,,,,,1
6.503754059473674,0.09482735449580827,3.1898132960001626,0.35733834151105676,balanced,15,log2,2,10,200,"{'class_weight': 'balanced', 'max_depth': 15, 'max_features': 'log2', 'min_samples_leaf': 2, 'min_samples_split': 10, 'n_estimators': 200}",,,,,,1
7.642504533131917,0.2438336156410926,2.385676383972168,0.1839522055354821,balanced,15,log2,2,10,300,"{'class_weight': 'balanced', 'max_depth': 15, 'max_features': 'log2', 'min_samples_leaf': 2, 'min_samples_split': 10, 'n_estimators': 300}",,,,,,1
4.759417772293091,0.06790540591692593,1.9819942315419514,0.3572101349262107,balanced,15,log2,2,20,100,"{'class_weight': 'balanced', 'max_depth': 15, 'max_features': 'log2', 'min_samples_leaf': 2, 'min_samples_split': 20, 'n_estimators': 100}",,,,,,1
5.736276229222615,0.4510615309011366,2.8302270571390786,0.2150643946857215,balanced,15,log2,2,20,200,"{'class_weight': 'balanced', 'max_depth': 15, 'max_features': 'log2', 'min_samples_leaf': 2, 'min_samples_split': 20, 'n_estimators': 200}",,,,,,1
7.009867350260417,1.401571372042801,4.104659954706828,0.574807583842596,balanced,15,log2,2,20,300,"{'class_weight': 'balanced', 'max_depth': 15, 'max_features': 'log2', 'min_samples_leaf': 2, 'min_samples_split': 20, 'n_estimators': 300}",,,,,,1
4.955221335093181,0.0866681280411264,4.13141942024231,0.034288142304606,balanced,15,log2,5,5,100,"{'class_weight': 'balanced', 'max_depth': 15, 'max_features': 'log2', 'min_samples_leaf': 5, 'min_samples_split': 5, 'n_estimators': 100}",,,,,,1
6.510696013768514,0.24028667690102812,3.437981446584066,0.04020299405267086,balanced,15,log2,5,5,200,"{'class_weight': 'balanced', 'max_depth': 15, 'max_features': 'log2', 'min_samples_leaf': 5, 'min_samples_split': 5, 'n_estimators': 200}",,,,,,1
7.874421199162801,0.2440166129662654,1.6576236883799236,0.07447799751231027,balanced,15,log2,5,5,300,"{'class_weight': 'balanced', 'max_depth': 15, 'max_features': 'log2', 'min_samples_leaf': 5, 'min_samples_split': 5, 'n_estimators': 300}",,,,,,1
5.428856611251831,0.21960445083682556,2.7485767205556235,0.6106181490198487,balanced,15,log2,5,10,100,"{'class_weight': 'balanced', 'max_depth': 15, 'max_features': 'log2', 'min_samples_leaf': 5, 'min_samples_split': 10, 'n_estimators': 100}",,,,,,1
5.490997234980266,0.6448998814690146,3.5263758500417075,0.38776301995069595,balanced,15,log2,5,10,200,"{'class_weight': 'balanced', 'max_depth': 15, 'max_features': 'log2', 'min_samples_leaf': 5, 'min_samples_split': 10, 'n_estimators': 200}",,,,,,1
6.245176712671916,0.33294530859344,3.7380265394846597,0.40043805744456434,balanced,15,log2,5,10,300,"{'class_weight': 'balanced', 'max_depth': 15, 'max_features': 'log2', 'min_samples_leaf': 5, 'min_samples_split': 10, 'n_estimators': 300}",,,,,,1
4.74218503634135,0.7423030207920172,3.412347952524821,0.017831745116344836,balanced,15,log2,5,20,100,"{'class_weight': 'balanced', 'max_depth': 15, 'max_features': 'log2', 'min_samples_leaf': 5, 'min_samples_split': 20, 'n_estimators': 100}",,,,,,1
7.054056803385417,0.3829761601296022,3.210838238398234,0.08890668146117123,balanced,15,log2,5,20,200,"{'class_weight': 'balanced', 'max_depth': 15, 'max_features': 'log2', 'min_samples_leaf': 5, 'min_samples_split': 20, 'n_estimators': 200}",,,,,,1
8.152729590733847,0.18101845615698747,3.1838201681772866,0.5963681080517095,balanced,15,log2,5,20,300,"{'class_weight': 'balanced', 'max_depth': 15, 'max_features': 'log2', 'min_samples_leaf': 5, 'min_samples_split': 20, 'n_estimators': 300}",,,,,,1
4.62791387240092,0.5278841276762294,2.1922508080800376,0.4077565709763837,balanced,15,log2,10,5,100,"{'class_weight': 'balanced', 'max_depth': 15, 'max_features': 'log2', 'min_samples_leaf': 10, 'min_samples_split': 5, 'n_estimators': 100}",,,,,,1
5.836273908615112,0.5259763233988103,3.1670852502187095,0.2166301818634568,balanced,15,log2,10,5,200,"{'class_weight': 'balanced', 'max_depth': 15, 'max_features': 'log2', 'min_samples_leaf': 10, 'min_samples_split': 5, 'n_estimators': 200}",,,,,,1
7.864568630854289,0.15722015234290268,3.4681822458902993,0.30835591653263855,balanced,15,log2,10,5,300,"{'class_weight': 'balanced', 'max_depth': 15, 'max_features': 'log2', 'min_samples_leaf': 10, 'min_samples_split': 5, 'n_estimators': 300}",,,,,,1
4.579701662063599,0.5801148782914616,3.1488807996114097,0.2933857989014745,balanced,15,log2,10,10,100,"{'class_weight': 'balanced', 'max_depth': 15, 'max_features': 'log2', 'min_samples_leaf': 10, 'min_samples_split': 10, 'n_estimators': 100}",,,,,,1
6.879949649175008,0.41196837028621114,3.0108999411265054,0.35746405672375736,balanced,15,log2,10,10,200,"{'class_weight': 'balanced', 'max_depth': 15, 'max_features': 'log2', 'min_samples_leaf': 10, 'min_samples_split': 10, 'n_estimators': 200}",,,,,,1
8.381252686182657,0.049542627105640155,3.0988147258758545,0.9511082745914777,balanced,15,log2,10,10,300,"{'class_weight': 'balanced', 'max_depth': 15, 'max_features': 'log2', 'min_samples_leaf': 10, 'min_samples_split': 10, 'n_estimators': 300}",,,,,,1
4.757006486256917,0.21572966200863064,1.7697323163350422,0.21527494514904513,balanced,15,log2,10,20,100,"{'class_weight': 'balanced', 'max_depth': 15, 'max_features': 'log2', 'min_samples_leaf': 10, 'min_samples_split': 20, 'n_estimators': 100}",,,,,,1
6.381433486938477,0.5537117782161515,3.7977861563364663,0.39864674367925423,balanced,15,log2,10,20,200,"{'class_weight': 'balanced', 'max_depth': 15, 'max_features': 'log2', 'min_samples_leaf': 10, 'min_samples_split': 20, 'n_estimators': 200}",,,,,,1
7.968396743138631,0.33352273742333804,3.6556524435679116,0.2214678349930863,balanced,15,log2,10,20,300,"{'class_weight': 'balanced', 'max_depth': 15, 'max_features': 'log2', 'min_samples_leaf': 10, 'min_samples_split': 20, 'n_estimators': 300}",,,,,,1
4.736188173294067,0.6683938995485792,3.669259230295817,0.14323968484315278,balanced,20,sqrt,2,5,100,"{'class_weight': 'balanced', 'max_depth': 20, 'max_features': 'sqrt', 'min_samples_leaf': 2, 'min_samples_split': 5, 'n_estimators': 100}",,,,,,1
8.712319135665894,0.24240518301024339,3.1663679281870523,0.14795845264457527,balanced,20,sqrt,2,5,200,"{'class_weight': 'balanced', 'max_depth': 20, 'max_features': 'sqrt', 'min_samples_leaf': 2, 'min_samples_split': 5, 'n_estimators': 200}",,,,,,1
10.78680650393168,0.05287705590719101,3.9549030462900796,0.1539856007951097,balanced,20,sqrt,2,5,300,"{'class_weight': 'balanced', 'max_depth': 20, 'max_features': 'sqrt', 'min_samples_leaf': 2, 'min_samples_split': 5, 'n_estimators': 300}",,,,,,1
5.728307406107585,0.40050182488111624,3.456854502360026,0.11205394483446489,balanced,20,sqrt,2,10,100,"{'class_weight': 'balanced', 'max_depth': 20, 'max_features': 'sqrt', 'min_samples_leaf': 2, 'min_samples_split': 10, 'n_estimators': 100}",,,,,,1
7.669060230255127,0.19430931171372418,3.5830984910329184,0.21307688842443814,balanced,20,sqrt,2,10,200,"{'class_weight': 'balanced', 'max_depth': 20, 'max_features': 'sqrt', 'min_samples_leaf': 2, 'min_samples_split': 10, 'n_estimators': 200}",,,,,,1
9.96388578414917,0.2939581538896797,3.675145069758097,0.3293991939544391,balanced,20,sqrt,2,10,300,"{'class_weight': 'balanced', 'max_depth': 20, 'max_features': 'sqrt', 'min_samples_leaf': 2, 'min_samples_split': 10, 'n_estimators': 300}",,,,,,1
5.897190888722737,0.22013104476105355,3.1904173692067466,0.353150166788405,balanced,20,sqrt,2,20,100,"{'class_weight': 'balanced', 'max_depth': 20, 'max_features': 'sqrt', 'min_samples_leaf': 2, 'min_samples_split': 20, 'n_estimators': 100}",,,,,,1
7.253086407979329,0.23135360928798657,4.098503669102986,0.10703675906895556,balanced,20,sqrt,2,20,200,"{'class_weight': 'balanced', 'max_depth': 20, 'max_features': 'sqrt', 'min_samples_leaf': 2, 'min_samples_split': 20, 'n_estimators': 200}",,,,,,1
9.93467895189921,0.08627472265772473,3.7827535470326743,0.2711877204527985,balanced,20,sqrt,2,20,300,"{'class_weight': 'balanced', 'max_depth': 20, 'max_features': 'sqrt', 'min_samples_leaf': 2, 'min_samples_split': 20, 'n_estimators': 300}",,,,,,1
5.642597675323486,0.14841717121884673,2.6794318358103433,0.16480207429858268,balanced,20,sqrt,5,5,100,"{'class_weight': 'balanced', 'max_depth': 20, 'max_features': 'sqrt', 'min_samples_leaf': 5, 'min_samples_split': 5, 'n_estimators': 100}",,,,,,1
8.068886756896973,0.43873396094733036,3.5884536107381186,0.35656467811364934,balanced,20,sqrt,5,5,200,"{'class_weight': 'balanced', 'max_depth': 20, 'max_features': 'sqrt', 'min_samples_leaf': 5, 'min_samples_split': 5, 'n_estimators': 200}",,,,,,1
10.308116356531778,0.4109506238655618,4.058913548787435,0.2933765387140741,balanced,20,sqrt,5,5,300,"{'class_weight': 'balanced', 'max_depth': 20, 'max_features': 'sqrt', 'min_samples_leaf': 5, 'min_samples_split': 5, 'n_estimators': 300}",,,,,,1
5.649463574091594,0.05096371876928587,3.0559159914652505,0.23269340904641464,balanced,20,sqrt,5,10,100,"{'class_weight': 'balanced', 'max_depth': 20, 'max_features': 'sqrt', 'min_samples_leaf': 5, 'min_samples_split': 10, 'n_estimators': 100}",,,,,,1
8.67579690615336,0.17148112187951045,3.763580560684204,0.027105594181695468,balanced,20,sqrt,5,10,200,"{'class_weight': 'balanced', 'max_depth': 20, 'max_features': 'sqrt', 'min_samples_leaf': 5, 'min_samples_split': 10, 'n_estimators': 200}",,,,,,1
10.34012778600057,0.39919501239363686,3.83228333791097,0.10950030003624045,balanced,20,sqrt,5,10,300,"{'class_weight': 'balanced', 'max_depth': 20, 'max_features': 'sqrt', 'min_samples_leaf': 5, 'min_samples_split': 10, 'n_estimators': 300}",,,,,,1
6.094636837641398,0.020560096143557978,3.2691941261291504,0.13535914631038168,balanced,20,sqrt,5,20,100,"{'class_weight': 'balanced', 'max_depth': 20, 'max_features': 'sqrt', 'min_samples_leaf': 5, 'min_samples_split': 20, 'n_estimators': 100}",,,,,,1
7.871265014012654,0.1662570335990451,3.5079618295033774,0.41507715472547385,balanced,20,sqrt,5,20,200,"{'class_weight': 'balanced', 'max_depth': 20, 'max_features': 'sqrt', 'min_samples_leaf': 5, 'min_samples_split': 20, 'n_estimators': 200}",,,,,,1
10.50630513827006,0.2224939498316128,3.666856050491333,0.052173830518044424,balanced,20,sqrt,5,20,300,"{'class_weight': 'balanced', 'max_depth': 20, 'max_features': 'sqrt', 'min_samples_leaf': 5, 'min_samples_split': 20, 'n_estimators': 300}",,,,,,1
6.114697615305583,0.6301668840923161,3.477544625600179,0.49436842713114404,balanced,20,sqrt,10,5,100,"{'class_weight': 'balanced', 'max_depth': 20, 'max_features': 'sqrt', 'min_samples_leaf': 10, 'min_samples_split': 5, 'n_estimators': 100}",,,,,,1
7.959198236465454,0.18347815995419745,3.8474484284718833,0.21742066194720075,balanced,20,sqrt,10,5,200,"{'class_weight': 'balanced', 'max_depth': 20, 'max_features': 'sqrt', 'min_samples_leaf': 10, 'min_samples_split': 5, 'n_estimators': 200}",,,,,,1
10.192039251327515,0.3899995621030027,3.2725349267323813,0.6102203543346293,balanced,20,sqrt,10,5,300,"{'class_weight': 'balanced', 'max_depth': 20, 'max_features': 'sqrt', 'min_samples_leaf': 10, 'min_samples_split': 5, 'n_estimators': 300}",,,,,,1
5.638429959615071,0.23252543001301262,2.794468879699707,0.3659481376426654,balanced,20,sqrt,10,10,100,"{'class_weight': 'balanced', 'max_depth': 20, 'max_features': 'sqrt', 'min_samples_leaf': 10, 'min_samples_split': 10, 'n_estimators': 100}",,,,,,1
7.130087693532308,0.09891872719874095,4.029009660085042,0.48730744097359385,balanced,20,sqrt,10,10,200,"{'class_weight': 'balanced', 'max_depth': 20, 'max_features': 'sqrt', 'min_samples_leaf': 10, 'min_samples_split': 10, 'n_estimators': 200}",,,,,,1
9.622947057088217,0.4423952768114188,3.799357811609904,0.14070218735447948,balanced,20,sqrt,10,10,300,"{'class_weight': 'balanced', 'max_depth': 20, 'max_features': 'sqrt', 'min_samples_leaf': 10, 'min_samples_split': 10, 'n_estimators': 300}",,,,,,1
5.459480841954549,0.24110209271411095,3.3303256034851074,0.29412253817861406,balanced,20,sqrt,10,20,100,"{'class_weight': 'balanced', 'max_depth': 20, 'max_features': 'sqrt', 'min_samples_leaf': 10, 'min_samples_split': 20, 'n_estimators': 100}",,,,,,1
7.918665091196696,0.33925700416709925,3.5426025390625,0.16441433025146915,balanced,20,sqrt,10,20,200,"{'class_weight': 'balanced', 'max_depth': 20, 'max_features': 'sqrt', 'min_samples_leaf': 10, 'min_samples_split': 20, 'n_estimators': 200}",,,,,,1
10.020598888397217,0.23535033179224135,3.6322735945383706,0.34867349428990174,balanced,20,sqrt,10,20,300,"{'class_weight': 'balanced', 'max_depth': 20, 'max_features': 'sqrt', 'min_samples_leaf': 10, 'min_samples_split': 20, 'n_estimators': 300}",,,,,,1
5.472639322280884,0.08840066517976848,2.7649086316426597,0.5823996695481187,balanced,20,log2,2,5,100,"{'class_weight': 'balanced', 'max_depth': 20, 'max_features': 'log2', 'min_samples_leaf': 2, 'min_samples_split': 5, 'n_estimators': 100}",,,,,,1
8.13213562965393,0.4708611280964161,3.895664691925049,0.1898731540219106,balanced,20,log2,2,5,200,"{'class_weight': 'balanced', 'max_depth': 20, 'max_features': 'log2', 'min_samples_leaf': 2, 'min_samples_split': 5, 'n_estimators': 200}",,,,,,1
9.964776118596395,0.42470873352252025,3.5222978591918945,0.33556419038667556,balanced,20,log2,2,5,300,"{'class_weight': 'balanced', 'max_depth': 20, 'max_features': 'log2', 'min_samples_leaf': 2, 'min_samples_split': 5, 'n_estimators': 300}",,,,,,1
6.160478830337524,0.40243649537769105,3.44158943494161,0.0746916898206686,balanced,20,log2,2,10,100,"{'class_weight': 'balanced', 'max_depth': 20, 'max_features': 'log2', 'min_samples_leaf': 2, 'min_samples_split': 10, 'n_estimators': 100}",,,,,,1
8.6238112449646,0.44349613265029275,3.2075361410776773,0.2955429169827886,balanced,20,log2,2,10,200,"{'class_weight': 'balanced', 'max_depth': 20, 'max_features': 'log2', 'min_samples_leaf': 2, 'min_samples_split': 10, 'n_estimators': 200}",,,,,,1
10.985258261362711,0.07826209384171406,4.275522470474243,0.10979956343384391,balanced,20,log2,2,10,300,"{'class_weight': 'balanced', 'max_depth': 20, 'max_features': 'log2', 'min_samples_leaf': 2, 'min_samples_split': 10, 'n_estimators': 300}",,,,,,1
5.791518370310466,0.06379329196396535,3.675398588180542,0.2152499218372437,balanced,20,log2,2,20,100,"{'class_weight': 'balanced', 'max_depth': 20, 'max_features': 'log2', 'min_samples_leaf': 2, 'min_samples_split': 20, 'n_estimators': 100}",,,,,,1
8.22754708925883,0.26972241835230376,3.4304200808207193,0.4655376143169709,balanced,20,log2,2,20,200,"{'class_weight': 'balanced', 'max_depth': 20, 'max_features': 'log2', 'min_samples_leaf': 2, 'min_samples_split': 20, 'n_estimators': 200}",,,,,,1
10.112396717071533,0.3306011424682596,3.1838945547739663,0.6527432243483211,balanced,20,log2,2,20,300,"{'class_weight': 'balanced', 'max_depth': 20, 'max_features': 'log2', 'min_samples_leaf': 2, 'min_samples_split': 20, 'n_estimators': 300}",,,,,,1
6.306172450383504,0.07107271058836212,2.47545591990153,0.18349990796590782,balanced,20,log2,5,5,100,"{'class_weight': 'balanced', 'max_depth': 20, 'max_features': 'log2', 'min_samples_leaf': 5, 'min_samples_split': 5, 'n_estimators': 100}",,,,,,1
7.840436697006226,0.04347877531231727,4.225197950998942,0.1686495051930005,balanced,20,log2,5,5,200,"{'class_weight': 'balanced', 'max_depth': 20, 'max_features': 'log2', 'min_samples_leaf': 5, 'min_samples_split': 5, 'n_estimators': 200}",,,,,,1
9.949354966481527,0.3163513329859237,3.1993111769358316,0.2865123836651215,balanced,20,log2,5,5,300,"{'class_weight': 'balanced', 'max_depth': 20, 'max_features': 'log2', 'min_samples_leaf': 5, 'min_samples_split': 5, 'n_estimators': 300}",,,,,,1
6.064569473266602,0.6657985939070739,3.75606640179952,0.43310919111699625,balanced,20,log2,5,10,100,"{'class_weight': 'balanced', 'max_depth': 20, 'max_features': 'log2', 'min_samples_leaf': 5, 'min_samples_split': 10, 'n_estimators': 100}",,,,,,1
8.734224081039429,0.15506092501982197,3.0611917972564697,0.16002355401011248,balanced,20,log2,5,10,200,"{'class_weight': 'balanced', 'max_depth': 20, 'max_features': 'log2', 'min_samples_leaf': 5, 'min_samples_split': 10, 'n_estimators': 200}",,,,,,1
10.786683320999146,0.17705535288278415,4.257939418156941,0.20419227060228318,balanced,20,log2,5,10,300,"{'class_weight': 'balanced', 'max_depth': 20, 'max_features': 'log2', 'min_samples_leaf': 5, 'min_samples_split': 10, 'n_estimators': 300}",,,,,,1
5.254052400588989,0.11809945776878339,2.486558516820272,0.28508850957256276,balanced,20,log2,5,20,100,"{'class_weight': 'balanced', 'max_depth': 20, 'max_features': 'log2', 'min_samples_leaf': 5, 'min_samples_split': 20, 'n_estimators': 100}",,,,,,1
7.263041337331136,0.07426902603081983,3.574250062306722,0.09715307091387208,balanced,20,log2,5,20,200,"{'class_weight': 'balanced', 'max_depth': 20, 'max_features': 'log2', 'min_samples_leaf': 5, 'min_samples_split': 20, 'n_estimators': 200}",,,,,,1
9.32187795639038,0.4627985763313697,3.5848846435546875,0.10465342671879149,balanced,20,log2,5,20,300,"{'class_weight': 'balanced', 'max_depth': 20, 'max_features': 'log2', 'min_samples_leaf': 5, 'min_samples_split': 20, 'n_estimators': 300}",,,,,,1
5.0605794588724775,0.38514209208167677,3.1427003542582193,0.25382271833511005,balanced,20,log2,10,5,100,"{'class_weight': 'balanced', 'max_depth': 20, 'max_features': 'log2', 'min_samples_leaf': 10, 'min_samples_split': 5, 'n_estimators': 100}",,,,,,1
7.4289231300354,0.37839152491983474,3.9210949738820395,0.34740788852173166,balanced,20,log2,10,5,200,"{'class_weight': 'balanced', 'max_depth': 20, 'max_features': 'log2', 'min_samples_leaf': 10, 'min_samples_split': 5, 'n_estimators': 200}",,,,,,1
9.328599135080973,0.5802312210538674,2.6423450311024985,0.5554512602943182,balanced,20,log2,10,5,300,"{'class_weight': 'balanced', 'max_depth': 20, 'max_features': 'log2', 'min_samples_leaf': 10, 'min_samples_split': 5, 'n_estimators': 300}",,,,,,1
5.432878017425537,0.5435432377473892,3.150484561920166,0.3758463305308354,balanced,20,log2,10,10,100,"{'class_weight': 'balanced', 'max_depth': 20, 'max_features': 'log2', 'min_samples_leaf': 10, 'min_samples_split': 10, 'n_estimators': 100}",,,,,,1
7.239084243774414,0.104865604734144,3.9529178142547607,0.06856575131973874,balanced,20,log2,10,10,200,"{'class_weight': 'balanced', 'max_depth': 20, 'max_features': 'log2', 'min_samples_leaf': 10, 'min_samples_split': 10, 'n_estimators': 200}",,,,,,1
9.552299658457438,0.398778293764257,4.305119514465332,0.3933420860647562,balanced,20,log2,10,10,300,"{'class_weight': 'balanced', 'max_depth': 20, 'max_features': 'log2', 'min_samples_leaf': 10, 'min_samples_split': 10, 'n_estimators': 300}",,,,,,1
5.046573003133138,0.7886646806641499,2.629624684651693,0.08127264257363268,balanced,20,log2,10,20,100,"{'class_weight': 'balanced', 'max_depth': 20, 'max_features': 'log2', 'min_samples_leaf': 10, 'min_samples_split': 20, 'n_estimators': 100}",,,,,,1
6.996374845504761,0.7267364056762109,4.4117805163065595,0.3083505931519279,balanced,20,log2,10,20,200,"{'class_weight': 'balanced', 'max_depth': 20, 'max_features': 'log2', 'min_samples_leaf': 10, 'min_samples_split': 20, 'n_estimators': 200}",,,,,,1
9.933955907821655,0.20253382824735883,3.4746994177500405,0.19123985707956073,balanced,20,log2,10,20,300,"{'class_weight': 'balanced', 'max_depth': 20, 'max_features': 'log2', 'min_samples_leaf': 10, 'min_samples_split': 20, 'n_estimators': 300}",,,,,,1
6.420591513315837,0.80083668180759,3.3716180324554443,0.5940855005433099,balanced,25,sqrt,2,5,100,"{'class_weight': 'balanced', 'max_depth': 25, 'max_features': 'sqrt', 'min_samples_leaf': 2, 'min_samples_split': 5, 'n_estimators': 100}",,,,,,1
8.713249842325846,0.16798698826242325,3.8902697563171387,0.14775661364412127,balanced,25,sqrt,2,5,200,"{'class_weight': 'balanced', 'max_depth': 25, 'max_features': 'sqrt', 'min_samples_leaf': 2, 'min_samples_split': 5, 'n_estimators': 200}",,,,,,1
11.0063423315684,0.47608544935743236,4.683625300725301,0.33539075552935743,balanced,25,sqrt,2,5,300,"{'class_weight': 'balanced', 'max_depth': 25, 'max_features': 'sqrt', 'min_samples_leaf': 2, 'min_samples_split': 5, 'n_estimators': 300}",,,,,,1
5.7548995812733965,0.21605705333440356,3.056754191716512,0.6451855317540456,balanced,25,sqrt,2,10,100,"{'class_weight': 'balanced', 'max_depth': 25, 'max_features': 'sqrt', 'min_samples_leaf': 2, 'min_samples_split': 10, 'n_estimators': 100}",,,,,,1
8.481263875961304,0.2531034135731781,4.300715605417888,0.2733788577313969,balanced,25,sqrt,2,10,200,"{'class_weight': 'balanced', 'max_depth': 25, 'max_features': 'sqrt', 'min_samples_leaf': 2, 'min_samples_split': 10, 'n_estimators': 200}",,,,,,1
11.803123474121094,0.30745504855997424,3.3992137908935547,0.39277059735033826,balanced,25,sqrt,2,10,300,"{'class_weight': 'balanced', 'max_depth': 25, 'max_features': 'sqrt', 'min_samples_leaf': 2, 'min_samples_split': 10, 'n_estimators': 300}",,,,,,1
6.751301606496175,0.2504767436177436,3.410398085912069,0.4891172060312839,balanced,25,sqrt,2,20,100,"{'class_weight': 'balanced', 'max_depth': 25, 'max_features': 'sqrt', 'min_samples_leaf': 2, 'min_samples_split': 20, 'n_estimators': 100}",,,,,,1
8.798828283945719,0.5353944653503977,3.726102908452352,0.43799709402431264,balanced,25,sqrt,2,20,200,"{'class_weight': 'balanced', 'max_depth': 25, 'max_features': 'sqrt', 'min_samples_leaf': 2, 'min_samples_split': 20, 'n_estimators': 200}",,,,,,1
11.135737419128418,0.6564151180826159,5.093293348948161,0.1971115879090544,balanced,25,sqrt,2,20,300,"{'class_weight': 'balanced', 'max_depth': 25, 'max_features': 'sqrt', 'min_samples_leaf': 2, 'min_samples_split': 20, 'n_estimators': 300}",,,,,,1
5.579545656840007,0.2759574891276573,3.407869577407837,0.10378168632750748,balanced,25,sqrt,5,5,100,"{'class_weight': 'balanced', 'max_depth': 25, 'max_features': 'sqrt', 'min_samples_leaf': 5, 'min_samples_split': 5, 'n_estimators': 100}",,,,,,1
9.316731373469034,1.087771381249833,3.869502147038778,0.6242580985346722,balanced,25,sqrt,5,5,200,"{'class_weight': 'balanced', 'max_depth': 25, 'max_features': 'sqrt', 'min_samples_leaf': 5, 'min_samples_split': 5, 'n_estimators': 200}",,,,,,1
12.182603200276693,0.4447190826731904,3.843769391377767,0.16415908602897253,balanced,25,sqrt,5,5,300,"{'class_weight': 'balanced', 'max_depth': 25, 'max_features': 'sqrt', 'min_samples_leaf': 5, 'min_samples_split': 5, 'n_estimators': 300}",,,,,,1
7.136656125386556,0.12321343324940509,3.610652208328247,0.07032550457996452,balanced,25,sqrt,5,10,100,"{'class_weight': 'balanced', 'max_depth': 25, 'max_features': 'sqrt', 'min_samples_leaf': 5, 'min_samples_split': 10, 'n_estimators': 100}",,,,,,1
9.461883783340454,0.21096064897674657,4.569617986679077,0.6125667623253503,balanced,25,sqrt,5,10,200,"{'class_weight': 'balanced', 'max_depth': 25, 'max_features': 'sqrt', 'min_samples_leaf': 5, 'min_samples_split': 10, 'n_estimators': 200}",,,,,,1
12.152320067087809,0.35613886115287774,3.555657068888346,0.4667405811592816,balanced,25,sqrt,5,10,300,"{'class_weight': 'balanced', 'max_depth': 25, 'max_features': 'sqrt', 'min_samples_leaf': 5, 'min_samples_split': 10, 'n_estimators': 300}",,,,,,1
5.793255011240642,0.17191910977099645,4.854055086771647,0.1500173369763146,balanced,25,sqrt,5,20,100,"{'class_weight': 'balanced', 'max_depth': 25, 'max_features': 'sqrt', 'min_samples_leaf': 5, 'min_samples_split': 20, 'n_estimators': 100}",,,,,,1
8.704933643341064,0.15609064075007764,3.6655215422312417,0.486644408061683,balanced,25,sqrt,5,20,200,"{'class_weight': 'balanced', 'max_depth': 25, 'max_features': 'sqrt', 'min_samples_leaf': 5, 'min_samples_split': 20, 'n_estimators': 200}",,,,,,1
11.890073458353678,0.944995106465893,4.557208299636841,0.6908833822502207,balanced,25,sqrt,5,20,300,"{'class_weight': 'balanced', 'max_depth': 25, 'max_features': 'sqrt', 'min_samples_leaf': 5, 'min_samples_split': 20, 'n_estimators': 300}",,,,,,1
6.672384977340698,0.4381413297289667,3.0338379542032876,0.2504446939606478,balanced,25,sqrt,10,5,100,"{'class_weight': 'balanced', 'max_depth': 25, 'max_features': 'sqrt', 'min_samples_leaf': 10, 'min_samples_split': 5, 'n_estimators': 100}",,,,,,1
9.407472451527914,0.15944341660548586,3.1849425633748374,0.46036915582035454,balanced,25,sqrt,10,5,200,"{'class_weight': 'balanced', 'max_depth': 25, 'max_features': 'sqrt', 'min_samples_leaf': 10, 'min_samples_split': 5, 'n_estimators': 200}",,,,,,1
10.874284108479818,0.2739484016333875,4.3715957800547285,0.37016687931809344,balanced,25,sqrt,10,5,300,"{'class_weight': 'balanced', 'max_depth': 25, 'max_features': 'sqrt', 'min_samples_leaf': 10, 'min_samples_split': 5, 'n_estimators': 300}",,,,,,1
6.738101323445638,0.06209926346816595,4.133109251658122,0.3390266795751611,balanced,25,sqrt,10,10,100,"{'class_weight': 'balanced', 'max_depth': 25, 'max_features': 'sqrt', 'min_samples_leaf': 10, 'min_samples_split': 10, 'n_estimators': 100}",,,,,,1
9.34308123588562,0.42468590588777594,3.4630117416381836,0.957104172876286,balanced,25,sqrt,10,10,200,"{'class_weight': 'balanced', 'max_depth': 25, 'max_features': 'sqrt', 'min_samples_leaf': 10, 'min_samples_split': 10, 'n_estimators': 200}",,,,,,1
11.362084229787191,0.8240382673672332,4.957738955815633,0.1783349142265391,balanced,25,sqrt,10,10,300,"{'class_weight': 'balanced', 'max_depth': 25, 'max_features': 'sqrt', 'min_samples_leaf': 10, 'min_samples_split': 10, 'n_estimators': 300}",,,,,,1
6.1813162962595625,0.08839058194204764,4.9613096714019775,0.41601489556299814,balanced,25,sqrt,10,20,100,"{'class_weight': 'balanced', 'max_depth': 25, 'max_features': 'sqrt', 'min_samples_leaf': 10, 'min_samples_split': 20, 'n_estimators': 100}",,,,,,1
8.687956094741821,0.3878647638747804,5.687837600708008,1.5696753211674055,balanced,25,sqrt,10,20,200,"{'class_weight': 'balanced', 'max_depth': 25, 'max_features': 'sqrt', 'min_samples_leaf': 10, 'min_samples_split': 20, 'n_estimators': 200}",,,,,,1
12.550866683324179,1.3252255412811982,8.734188397725424,0.438740129696197,balanced,25,sqrt,10,20,300,"{'class_weight': 'balanced', 'max_depth': 25, 'max_features': 'sqrt', 'min_samples_leaf': 10, 'min_samples_split': 20, 'n_estimators': 300}",,,,,,1
7.150346517562866,0.31303190576281126,5.393264691034953,1.5050424387986117,balanced,25,log2,2,5,100,"{'class_weight': 'balanced', 'max_depth': 25, 'max_features': 'log2', 'min_samples_leaf': 2, 'min_samples_split': 5, 'n_estimators': 100}",,,,,,1
43.335602124532066,11.593447158815756,9.995166699091593,0.35540558268637457,balanced,25,log2,2,5,200,"{'class_weight': 'balanced', 'max_depth': 25, 'max_features': 'log2', 'min_samples_leaf': 2, 'min_samples_split': 5, 'n_estimators': 200}",,,,,,1
62.826101541519165,0.09012599106699296,4.56946325302124,3.2363487764180943,balanced,25,log2,2,5,300,"{'class_weight': 'balanced', 'max_depth': 25, 'max_features': 'log2', 'min_samples_leaf': 2, 'min_samples_split': 5, 'n_estimators': 300}",,,,,,1
29.667525053024292,5.760570602033923,8.732286055882772,0.3040357423798607,balanced,25,log2,2,10,100,"{'class_weight': 'balanced', 'max_depth': 25, 'max_features': 'log2', 'min_samples_leaf': 2, 'min_samples_split': 10, 'n_estimators': 100}",,,,,,1
52.61344051361084,2.071477128098795,2.946298599243164,0.11490488250610853,balanced,25,log2,2,10,200,"{'class_weight': 'balanced', 'max_depth': 25, 'max_features': 'log2', 'min_samples_leaf': 2, 'min_samples_split': 10, 'n_estimators': 200}",,,,,,1
50.789095322291054,1.2278739787365114,13.984091599782309,2.1868389770637275,balanced,25,log2,2,10,300,"{'class_weight': 'balanced', 'max_depth': 25, 'max_features': 'log2', 'min_samples_leaf': 2, 'min_samples_split': 10, 'n_estimators': 300}",,,,,,1
27.748661120732624,5.210605591279331,3.5986758867899575,2.011868351998978,balanced,25,log2,2,20,100,"{'class_weight': 'balanced', 'max_depth': 25, 'max_features': 'log2', 'min_samples_leaf': 2, 'min_samples_split': 20, 'n_estimators': 100}",,,,,,1
45.26718735694885,13.043917686029825,13.262289047241211,0.6198389880149372,balanced,25,log2,2,20,200,"{'class_weight': 'balanced', 'max_depth': 25, 'max_features': 'log2', 'min_samples_leaf': 2, 'min_samples_split': 20, 'n_estimators': 200}",,,,,,1
131.70528388023376,7.2294821973356465,12.328420082728067,1.9695798439377146,balanced,25,log2,2,20,300,"{'class_weight': 'balanced', 'max_depth': 25, 'max_features': 'log2', 'min_samples_leaf': 2, 'min_samples_split': 20, 'n_estimators': 300}",,,,,,1
52.22693912188212,4.610948179313879,9.042185068130493,0.7114723405869376,balanced,25,log2,5,5,100,"{'class_weight': 'balanced', 'max_depth': 25, 'max_features': 'log2', 'min_samples_leaf': 5, 'min_samples_split': 5, 'n_estimators': 100}",,,,,,1
119.77434118588765,3.02870267083043,10.473996559778849,1.0880550835131135,balanced,25,log2,5,5,200,"{'class_weight': 'balanced', 'max_depth': 25, 'max_features': 'log2', 'min_samples_leaf': 5, 'min_samples_split': 5, 'n_estimators': 200}",,,,,,1
133.50199500719705,0.08639838755364551,3.522820472717285,0.8489905987260756,balanced,25,log2,5,5,300,"{'class_weight': 'balanced', 'max_depth': 25, 'max_features': 'log2', 'min_samples_leaf': 5, 'min_samples_split': 5, 'n_estimators': 300}",,,,,,1
72.42970236142476,7.97561806576084,9.569323698679606,2.006428308083901,balanced,25,log2,5,10,100,"{'class_weight': 'balanced', 'max_depth': 25, 'max_features': 'log2', 'min_samples_leaf': 5, 'min_samples_split': 10, 'n_estimators': 100}",,,,,,1
84.47269996007283,4.263435720923806,2.7365709145863852,0.2738096775794384,balanced,25,log2,5,10,200,"{'class_weight': 'balanced', 'max_depth': 25, 'max_features': 'log2', 'min_samples_leaf': 5, 'min_samples_split': 10, 'n_estimators': 200}",,,,,,1
48.35099005699158,20.080173016088864,2.377065102259318,0.4768109941763906,balanced,25,log2,5,10,300,"{'class_weight': 'balanced', 'max_depth': 25, 'max_features': 'log2', 'min_samples_leaf': 5, 'min_samples_split': 10, 'n_estimators': 300}",,,,,,1
16.790997743606567,1.9846518856742967,3.162576754887899,0.1414734801668777,balanced,25,log2,5,20,100,"{'class_weight': 'balanced', 'max_depth': 25, 'max_features': 'log2', 'min_samples_leaf': 5, 'min_samples_split': 20, 'n_estimators': 100}",,,,,,1
13.19608736038208,1.2743582012940036,3.0386603673299155,1.668050667365611,balanced,25,log2,5,20,200,"{'class_weight': 'balanced', 'max_depth': 25, 'max_features': 'log2', 'min_samples_leaf': 5, 'min_samples_split': 20, 'n_estimators': 200}",,,,,,1
8.006155093510946,0.5445531988127428,2.352443218231201,0.5332639194234695,balanced,25,log2,5,20,300,"{'class_weight': 'balanced', 'max_depth': 25, 'max_features': 'log2', 'min_samples_leaf': 5, 'min_samples_split': 20, 'n_estimators': 300}",,,,,,1
4.216005961100261,0.27020962832431245,2.9732414881388345,0.05950946804338977,balanced,25,log2,10,5,100,"{'class_weight': 'balanced', 'max_depth': 25, 'max_features': 'log2', 'min_samples_leaf': 10, 'min_samples_split': 5, 'n_estimators': 100}",,,,,,1
5.515066226323445,0.3361734967848889,2.8399439652760825,0.07229308056193084,balanced,25,log2,10,5,200,"{'class_weight': 'balanced', 'max_depth': 25, 'max_features': 'log2', 'min_samples_leaf': 10, 'min_samples_split': 5, 'n_estimators': 200}",,,,,,1
9.644734462102255,0.8144432218062108,2.9969992637634277,0.5972879152558533,balanced,25,log2,10,5,300,"{'class_weight': 'balanced', 'max_depth': 25, 'max_features': 'log2', 'min_samples_leaf': 10, 'min_samples_split': 5, 'n_estimators': 300}",,,,,,1
5.343342463175456,0.5295329982891078,1.8526709874471028,0.3566006249381114,balanced,25,log2,10,10,100,"{'class_weight': 'balanced', 'max_depth': 25, 'max_features': 'log2', 'min_samples_leaf': 10, 'min_samples_split': 10, 'n_estimators': 100}",,,,,,1
5.139040231704712,0.2900776944758954,8.101664622624716,0.405384515087903,balanced,25,log2,10,10,200,"{'class_weight': 'balanced', 'max_depth': 25, 'max_features': 'log2', 'min_samples_leaf': 10, 'min_samples_split': 10, 'n_estimators': 200}",,,,,,1
22.24304739634196,3.7849493837526755,4.145128091176351,2.3859850505575464,balanced,25,log2,10,10,300,"{'class_weight': 'balanced', 'max_depth': 25, 'max_features': 'log2', 'min_samples_leaf': 10, 'min_samples_split': 10, 'n_estimators': 300}",,,,,,1
4.84732715288798,0.39053435350212623,6.121163368225098,0.5366439419122978,balanced,25,log2,10,20,100,"{'class_weight': 'balanced', 'max_depth': 25, 'max_features': 'log2', 'min_samples_leaf': 10, 'min_samples_split': 20, 'n_estimators': 100}",,,,,,1
12.288214365641275,8.490234091238385,5.69508941968282,3.425707095486103,balanced,25,log2,10,20,200,"{'class_weight': 'balanced', 'max_depth': 25, 'max_features': 'log2', 'min_samples_leaf': 10, 'min_samples_split': 20, 'n_estimators': 200}",,,,,,1
23.233947277069092,1.5314483600761757,0.2304838498433431,0.028159985794335565,balanced,25,log2,10,20,300,"{'class_weight': 'balanced', 'max_depth': 25, 'max_features': 'log2', 'min_samples_leaf': 10, 'min_samples_split': 20, 'n_estimators': 300}",,,,,,1
